year,source,generation_twh,share_pct
2010,Coal,8458.00,39.776615
2010,Oil,1078.66,5.072765
2010,Gas,4807.86,22.610593
2010,Nuclear,2725.91,12.819517
2010,Hydropower,3428.21,16.122321
2010,Wind,345.99,1.627135
2010,Solar,32.21,0.151478
2010,Bioenergy,327.19,1.538722
2010,Other renewables,59.72,0.280854
2011,Coal,8911.04,40.556289
2011,Oil,1186.76,5.401231
2011,Gas,4865.93,22.146019
2011,Nuclear,2610.34,11.880286
2011,Hydropower,3488.07,15.875047
2011,Wind,439.98,2.002455
2011,Solar,63.56,0.289277
2011,Bioenergy,345.27,1.571407
2011,Other renewables,61.08,0.277990
2012,Coal,8960.28,39.795769
2012,Oil,1238.60,5.501060
2012,Gas,5161.35,22.923379
2012,Nuclear,2432.22,10.802348
2012,Hydropower,3660.17,16.256108
2012,Wind,529.26,2.350631
2012,Solar,96.92,0.430456
2012,Bioenergy,374.02,1.661155
2012,Other renewables,62.84,0.279095
2013,Coal,9423.85,40.698932
2013,Oil,1196.83,5.168769
2013,Gas,5058.36,21.845621
2013,Nuclear,2448.52,10.574463
2013,Hydropower,3790.79,16.371346
2013,Wind,634.14,2.738671
2013,Solar,131.75,0.568991
2013,Bioenergy,406.47,1.755429
2013,Other renewables,64.32,0.277780
2014,Coal,9603.84,40.442210
2014,Oil,1143.66,4.816005
2014,Gas,5214.12,21.956898
2014,Nuclear,2498.73,10.522267
2014,Hydropower,3870.67,16.299569
2014,Wind,706.10,2.973419
2014,Solar,197.74,0.832692
2014,Bioenergy,442.68,1.864146
2014,Other renewables,69.53,0.292794
2015,Coal,9283.61,38.677921
2015,Oil,1133.29,4.721579
2015,Gas,5539.88,23.080573
2015,Nuclear,2532.93,10.552842
2015,Hydropower,3882.13,16.173958
2015,Wind,829.63,3.456453
2015,Solar,256.01,1.066604
2015,Bioenergy,471.79,1.965599
2015,Other renewables,73.08,0.304470
2016,Coal,9327.96,37.773416
2016,Oil,1085.11,4.394135
2016,Gas,5849.92,23.689152
2016,Nuclear,2571.05,10.411423
2016,Hydropower,4014.75,16.257662
2016,Wind,960.30,3.888719
2016,Solar,327.47,1.326084
2016,Bioenergy,482.08,1.952175
2016,Other renewables,75.87,0.307234
2017,Coal,9655.05,37.950689
2017,Oil,993.83,3.906405
2017,Gas,5973.60,23.480172
2017,Nuclear,2594.23,10.197028
2017,Hydropower,4054.03,15.935001
2017,Wind,1139.44,4.478748
2017,Solar,444.65,1.747767
2017,Bioenergy,507.39,1.994376
2017,Other renewables,78.82,0.309814
2018,Coal,10033.03,37.911292
2018,Oil,908.60,3.433280
2018,Gas,6224.56,23.520423
2018,Nuclear,2658.70,10.046292
2018,Hydropower,4176.84,15.782809
2018,Wind,1268.14,4.791855
2018,Solar,575.16,2.173327
2018,Bioenergy,537.74,2.031930
2018,Other renewables,81.72,0.308791
2019,Coal,9826.39,36.621333
2019,Oil,855.03,3.186556
2019,Gas,6401.31,23.856626
2019,Nuclear,2754.08,10.264002
2019,Hydropower,4227.76,15.756164
2019,Wind,1420.96,5.295683
2019,Solar,697.94,2.601107
2019,Bioenergy,566.00,2.109389
2019,Other renewables,82.95,0.309141
2020,Coal,9437.05,35.313847
2020,Oil,775.88,2.903376
2020,Gas,6382.94,23.885236
2020,Nuclear,2648.33,9.910165
2020,Hydropower,4347.02,16.266736
2020,Wind,1591.47,5.955349
2020,Solar,853.39,3.193422
2020,Bioenergy,601.17,2.249604
2020,Other renewables,86.12,0.322265
2021,Coal,10156.49,35.940638
2021,Oil,842.25,2.980459
2021,Gas,6556.63,23.201861
2021,Nuclear,2762.44,9.775410
2021,Hydropower,4288.70,15.176366
2021,Wind,1856.94,6.571129
2021,Solar,1053.99,3.729741
2021,Bioenergy,655.30,2.318902
2021,Other renewables,86.33,0.305495
2022,Coal,10240.44,35.412286
2022,Oil,887.42,3.068772
2022,Gas,6628.27,22.921105
2022,Nuclear,2639.64,9.128093
2022,Hydropower,4324.07,14.952991
2022,Wind,2107.66,7.288462
2022,Solar,1333.12,4.610039
2022,Bioenergy,669.20,2.314149
2022,Other renewables,87.94,0.304104
2023,Coal,10395.94,35.044062
2023,Oil,876.79,2.955604
2023,Gas,6699.42,22.583325
2023,Nuclear,2697.74,9.093912
2023,Hydropower,4240.11,14.293145
2023,Wind,2319.18,7.817810
2023,Solar,1664.14,5.609712
2023,Bioenergy,683.62,2.304440
2023,Other renewables,88.40,0.297991
2024,Coal,10538.94,34.073267
2024,Oil,853.84,2.760536
2024,Gas,6882.73,22.252437
2024,Nuclear,2777.11,8.978627
2024,Hydropower,4433.65,14.334358
2024,Wind,2509.50,8.113422
2024,Solar,2142.65,6.927365
2024,Bioenergy,703.37,2.274054
2024,Other renewables,88.44,0.285934
2025,Coal,10471.53,32.957996
2025,Oil,841.62,2.648907
2025,Gas,6921.14,21.783532
2025,Nuclear,2811.57,8.849109
2025,Hydropower,4434.97,13.958583
2025,Wind,2713.14,8.539312
2025,Solar,2778.64,8.745466
2025,Bioenergy,710.41,2.235938
2025,Other renewables,89.33,0.281156
