section,chapter,passage_count,avg_word_count
History (HIST),Part 10: Majors and Courses,60,82.32
Media and Arts (MEDIART),Part 10: Majors and Courses,44,82.82
Degree Requirements,Part 3: The Curriculum,40,69.08
Political Science (POLSCI),Part 10: Majors and Courses,40,71.78
Public Policy (PUBPOL),Part 10: Majors and Courses,38,67.03
Biology (BIOL),Part 10: Majors and Courses,37,63.35
Chinese (CHINESE),Part 10: Majors and Courses,37,60.32
Literature (LIT),Part 10: Majors and Courses,35,82.43
Global China Studies,Part 10: Majors and Courses,34,45.94
Cultures and Movements,Part 10: Majors and Courses,33,38.21
Physical Education (PHYSEDU),Part 10: Majors and Courses,29,55.66
Mathematics (MATH),Part 10: Majors and Courses,28,51.5
Computation and Design,Part 10: Majors and Courses,27,61.89
Economics (ECON),Part 10: Majors and Courses,27,59.63
Institutions and Governance,Part 10: Majors and Courses,26,50.38
Grading and Grade Requirements,Part 6: Academic Procedures and Information,25,87.6
US Studies,Part 10: Majors and Courses,25,55.32
Physics (PHYS),Part 10: Majors and Courses,24,55.04
Computer Science (COMPSCI),Part 10: Majors and Courses,23,41.3
Cultural Anthropology (CULANTH),Part 10: Majors and Courses,23,85.43
Environmental Science,Part 10: Majors and Courses,23,65.09
Political Economy,Part 10: Majors and Courses,22,55.64
Academic Calendar 2021-22,Part 11: Academic Calendar 2021-22,21,36.67
Office of Global Education and Study Away,"Part 8: Career Services, Study Away, and Research Opportunities",21,74.1
Global Cultural Studies,Part 10: Majors and Courses,20,45.3
Molecular Bioscience,Part 10: Majors and Courses,20,73.65
Undergraduate Course Load,Part 6: Academic Procedures and Information,20,71.3
Global Health (GLHLTH),Part 10: Majors and Courses,19,86.53
Statistics (STATS),Part 10: Majors and Courses,19,41.37
Environment (ENVIR),Part 10: Majors and Courses,18,65.56
Media and Arts,Part 10: Majors and Courses,18,52.67
Chemistry (CHEM),Part 10: Majors and Courses,17,58.94
Entrance Credit and Placement,Part 6: Academic Procedures and Information,17,70.88
Global Cultural Studies (GCULS),Part 10: Majors and Courses,17,101.94
Philosophy (PHIL),Part 10: Majors and Courses,17,98.12
Changes in Status,Part 6: Academic Procedures and Information,16,81.0
Religious Studies (RELIG),Part 10: Majors and Courses,16,81.0
Written and Oral Communication (WOC),Part 10: Majors and Courses,16,65.25
"Academic Warning, Probation, and Suspension for Students in the Classes of 2022-2024",Part 6: Academic Procedures and Information,15,68.67
Ethics and Leadership,Part 10: Majors and Courses,14,95.71
Material Science (MATSCI),Part 10: Majors and Courses,14,48.57
Applied Mathematics and Computational Sciences,Part 10: Majors and Courses,13,80.31
Behavioral Science,Part 10: Majors and Courses,13,76.92
Estimated Expenses,Part 5: Financial Information,13,66.85
Ethics and Leadership (ETHLDR),Part 10: Majors and Courses,13,97.54
Sociology (SOCIOL),Part 10: Majors and Courses,13,73.77
Behavior Science (BEHAVSCI),Part 10: Majors and Courses,12,64.58
Cultures and Movements (CULMOVE),Part 10: Majors and Courses,12,83.83
"Academic Warning, Probation, and Suspension for Students in the Class of 2025 and Beyond",Part 6: Academic Procedures and Information,11,68.82
Refund,Part 5: Financial Information,11,33.27
Social Science (SOSC),Part 10: Majors and Courses,11,75.0
English for Academic Purposes (EAP),Part 10: Majors and Courses,10,73.2
Global Health,Part 10: Majors and Courses,10,100.4
Chinese Society and Culture (CHSC),Part 10: Majors and Courses,9,86.11
Key Components,Part 3: The Curriculum,9,69.11
Transfer of Work Taken Elsewhere,Part 6: Academic Procedures and Information,9,91.44
Course Repeat,Part 6: Academic Procedures and Information,8,73.88
Global China Studies (GCHINA),Part 10: Majors and Courses,8,97.5
Information Science (INFOSCI),Part 10: Majors and Courses,8,81.0
Materials Science,Part 10: Majors and Courses,8,83.0
Political Economy (POLECON),Part 10: Majors and Courses,8,95.25
Registration,Part 6: Academic Procedures and Information,8,76.75
Requirements for All Majors,Part 10: Majors and Courses,8,30.5
Academic Integrity,Part 6: Academic Procedures and Information,7,73.71
Career Services,"Part 8: Career Services, Study Away, and Research Opportunities",7,68.57
Grade Review Procedure,Part 6: Academic Procedures and Information,7,73.43
Overview,Part 3: The Curriculum,7,82.57
Partners,Part 1: General Information,7,72.29
Progress toward Degree,Part 6: Academic Procedures and Information,7,70.43
Academic Recognition and Honors,Part 6: Academic Procedures and Information,6,70.0
Application Timelines,"Part 4: Admission, Scholarships and Financial Aid",6,40.83
Athletics & University Sports,Part 9: Student Affairs and Campus Life,6,40.33
Data Science,Part 10: Majors and Courses,6,79.67
Psychology (PSYCH),Part 10: Majors and Courses,6,54.17
Third Language (TLANG),Part 10: Majors and Courses,6,98.17
Who We Are,Part 1: General Information,6,98.33
Academic Advising,Part 7: Academic Advising and Support,5,83.4
Application Requirements,"Part 4: Admission, Scholarships and Financial Aid",5,53.4
Incomplete Coursework and Excused Absence from Final Exam,Part 6: Academic Procedures and Information,5,101.2
Procedure for Resolution of Students' Academic Concerns,Part 6: Academic Procedures and Information,5,84.0
Academic Resource Center,Part 7: Academic Advising and Support,4,82.5
Campus Programs,Part 9: Student Affairs and Campus Life,4,67.75
Education Records,Part 6: Academic Procedures and Information,4,55.5
Eligibility for Courses,Part 6: Academic Procedures and Information,4,88.0
Final Examinations,Part 6: Academic Procedures and Information,4,86.75
General Information,Part 1: General Information,4,50.25
Japanese (JAPANESE),Part 10: Majors and Courses,4,63.0
Neuroscience (NEUROSCI),Part 10: Majors and Courses,4,54.5
Scholarships and Financial Aid,"Part 4: Admission, Scholarships and Financial Aid",4,56.25
US Studies (USTUD),Part 10: Majors and Courses,4,110.5
Accommodations,Part 9: Student Affairs and Campus Life,3,80.33
Animating Principles,Part 2: A Liberal Arts Education at Duke Kunshan University,3,88.67
Chinese Student Services and Student Mobility,Part 9: Student Affairs and Campus Life,3,68.0
Class Attendance and Missed Work,Part 6: Academic Procedures and Information,3,97.67
Declaration of Major,Part 6: Academic Procedures and Information,3,88.33
Music (MUSIC),Part 10: Majors and Courses,3,94.33
Student Affairs Conceptual Framework,Part 9: Student Affairs and Campus Life,3,57.67
Student Conduct,Part 9: Student Affairs and Campus Life,3,60.67
A Liberal Arts College Experience,Part 2: A Liberal Arts Education at Duke Kunshan University,2,76.5
Arts and Humanities (ARHU),Part 10: Majors and Courses,2,85.0
Blue Oasis Student Center,Part 9: Student Affairs and Campus Life,2,59.0
Campus Health Clinic,Part 9: Student Affairs and Campus Life,2,78.5
Counseling and Psychological Services (CAPS),Part 9: Student Affairs and Campus Life,2,98.5
Course Audit,Part 6: Academic Procedures and Information,2,103.0
English (ENGLISH),Part 10: Majors and Courses,2,16.0
Exclusion of Disruptive Students from a Course,Part 6: Academic Procedures and Information,2,57.5
French (FRENCH),Part 10: Majors and Courses,2,66.5
German (GERMAN),Part 10: Majors and Courses,2,57.5
Independent Studies,Part 6: Academic Procedures and Information,2,116.0
Integrated Science (INTGSCI),Part 10: Majors and Courses,2,102.0
International Student Services,Part 9: Student Affairs and Campus Life,2,47.5
Italian (ITALIAN),Part 10: Majors and Courses,2,43.0
Leadership Development,Part 9: Student Affairs and Campus Life,2,44.5
Military Science (MILITSCI),Part 10: Majors and Courses,2,30.5
Mission Statement,Part 1: General Information,2,70.5
Principles of Selection,"Part 4: Admission, Scholarships and Financial Aid",2,61.5
Religious Holidays,Part 6: Academic Procedures and Information,2,53.5
Residence Life,Part 9: Student Affairs and Campus Life,2,87.5
Seven Principles of Duke Kunshan University Academic Advising,Part 7: Academic Advising and Support,2,81.0
Statement on Diversity and Inclusion,Part 1: General Information,2,73.0
Student Affairs,Part 9: Student Affairs and Campus Life,2,32.0
Student Research Opportunities,"Part 8: Career Services, Study Away, and Research Opportunities",2,83.0
Tuition and Fees,Part 5: Financial Information,2,67.5
Useful Contacts,Part 12: Useful Contacts,2,59.0
A 21st Century Curriculum,Part 2: A Liberal Arts Education at Duke Kunshan University,1,119.0
Academic Advising and Support,Part 7: Academic Advising and Support,1,83.0
Arts (ARTS),Part 10: Majors and Courses,1,15.0
Arts and Culture,Part 9: Student Affairs and Campus Life,1,113.0
Campus Engagement,Part 9: Student Affairs and Campus Life,1,54.0
Class Scheduling,Part 6: Academic Procedures and Information,1,46.0
Compliance with Academic Regulations,Part 6: Academic Procedures and Information,1,79.0
Computer Design (COMPDSGN),Part 10: Majors and Courses,1,116.0
Course Descriptions,Part 10: Majors and Courses,1,31.0
Dual Degrees,Part 2: A Liberal Arts Education at Duke Kunshan University,1,92.0
Duke Kunshan University Community Standard,Part 1: General Information,1,136.0
Global Challenges (GLOCHALL),Part 10: Majors and Courses,1,110.0
Graduation and Commencement,Part 6: Academic Procedures and Information,1,84.0
Host Family Program,Part 9: Student Affairs and Campus Life,1,45.0
How to Apply,"Part 4: Admission, Scholarships and Financial Aid",1,11.0
Independent Study (INDSTU),Part 10: Majors and Courses,1,40.0
Institutions and Governance (INSTGOV),Part 10: Majors and Courses,1,116.0
Latin (LATIN),Part 10: Majors and Courses,1,14.0
Notification and Responses,"Part 4: Admission, Scholarships and Financial Aid",1,13.0
Notification of Intention to Graduate,Part 6: Academic Procedures and Information,1,116.0
Research Independent Study (RINDSTU),Part 10: Majors and Courses,1,38.0
Spanish (SPANISH),Part 10: Majors and Courses,1,14.0
Student Clubs and Organizations,Part 9: Student Affairs and Campus Life,1,115.0
Submission of Term Paper,Part 6: Academic Procedures and Information,1,41.0
The Provision of Academic Information to Parents and Guardians,Part 6: Academic Procedures and Information,1,68.0
Time Limit for Completing Undergraduate Degree,Part 6: Academic Procedures and Information,1,73.0
Two-Credit Writing Courses,Part 6: Academic Procedures and Information,1,120.0
